endpoint,model,n_cohorts,beta,se,HR,CI_low,CI_high,p_value,p_adj_BH,interpretation
OS,core,5,-0.00127230316789104,0.0397945180500502,0.998728505866636,0.923790875154808,1.07974505405615,0.974494523790463,0.974494523790463,negative_or_not_significant; OS/PFS not used as primary endpoint
OS,adjusted,5,0.0108690795999074,0.0412324349264226,1.01092836263491,0.932443710971198,1.09601914019587,0.792084238209049,0.974494523790463,negative_or_not_significant; OS/PFS not used as primary endpoint
PFS,core,4,-0.0409391853024112,0.0357065071439368,0.959887503441039,0.895006821181459,1.02947150508417,0.25156893051266,0.974494523790463,negative_or_not_significant; OS/PFS not used as primary endpoint
PFS,adjusted,4,-0.020158084112824,0.036103339955117,0.980043731716319,0.913090179602948,1.05190674210745,0.576609488310532,0.974494523790463,negative_or_not_significant; OS/PFS not used as primary endpoint
