x,y,k_cohorts,pooled_spearman_r,ci_low_r,ci_high_r,p_value,p_adj_BH,tau2,I2,method
SPP1_TAM_score,ITGB1_CD44_tumor_score,5,0.4369571581481051,0.3611311460275602,0.5070429104799693,2.6790064871818582e-24,6.697516217954646e-24,0.006144560343409541,0.6023789306661744,random-effects meta-analysis of cohort-level Spearman Fisher z
SPP1_TAM_score,KRAS_Hypoxia_score,5,0.10420730754951622,0.013442414670686107,0.1932689494958304,0.024506791644311368,0.03063348955538921,0.0063388319844363975,0.6098102214707277,random-effects meta-analysis of cohort-level Spearman Fisher z
macrophage_fraction,ITGB1_CD44_tumor_score,5,0.4331609166761725,0.3603118047127534,0.5007585649638233,8.252332427817471e-26,4.1261662139087357e-25,0.005329897657294221,0.5678665714781969,random-effects meta-analysis of cohort-level Spearman Fisher z
macrophage_fraction,KRAS_Hypoxia_score,5,0.0855358486550321,-0.001140479894071572,0.17093653413749677,0.05307961238109276,0.05307961238109275,0.005404210921009,0.5712611558072183,random-effects meta-analysis of cohort-level Spearman Fisher z
ITGB1_CD44_tumor_score,KRAS_Hypoxia_score,5,0.3583294664566571,0.2794103424366469,0.432439587156643,6.345228737429951e-17,1.0575381229049919e-16,0.0056277072929725065,0.5811563610178972,random-effects meta-analysis of cohort-level Spearman Fisher z
