"cnv_subclone","epithelial_score","immune_contamination_score","ITGB1","CD44","KRAS_activation","Hypoxia","Stemness_epithelial","n_cells"
"Subclone_01",0.523029462886904,0.181063876566917,0.422434078784258,0.265533523629421,0.540663529778459,0.343702896260416,0.378461212843712,3318
"Subclone_02",1.65967091636647,0.0887224386823837,0.478860108047156,0.150673254013164,1.03413345806513,0.467397133172412,0.990343298974939,1071
"Subclone_03",1.02410994281118,0.0676523042314614,0.13890259879676,0.151490835492413,0.507332445601289,0.47293342399349,0.701266697308647,1021
"Subclone_04",1.52605651859308,0.13069165427698,0.437030790799869,0.357606161001,0.921129273702395,0.4935703023044,0.913648395692026,1001
"Subclone_05",1.22669273173441,0.144051883651257,0.278974046629895,0.049360954555233,0.617144276337978,0.293681685043992,0.800016226348708,96
