"feature","mean_focus_02_04","mean_other","delta_focus_minus_other","wilcox_p","wilcox_fdr"
"ITGB1",0.592558494828484,0.366171422523216,0.226387072305268,0.0932400932400932,0.163170163170163
"CD44",0.185641338058778,0.339508889818229,-0.153867551759451,0.660111293604275,0.660111293604275
"KRAS_activation",0.951138401177645,0.51294639219848,0.438192008979165,0.0108780108780109,0.0253820253820254
"Hypoxia",0.57188544879654,0.451076708082516,0.120808740714024,0.284382284382284,0.331779331779332
"Stemness_epithelial",1.12454793987232,0.530379707877328,0.594168231994993,0.00310800310800311,0.0108780108780109
"epithelial_score",1.6706480917072,0.768347965363446,0.902300126343754,0.00155400155400155,0.0108780108780109
"immune_contamination_score",0.1474071509508,0.500441120631591,-0.353033969680791,0.222222222222222,0.311111111111111
