"pathway","pval","padj","ES","NES","nMoreExtreme","size","leadingEdge"
"ECM_REMODELING_MIGRATION",0.00598802395209581,0.0359281437125749,-0.535043080008075,-1.94929225132312,0,15,"VIM;COL1A1;FN1;VCAN;COL5A1;SERPINE1;COL3A1;LOX;MMP14;MMP2;SPP1;COL1A2"
"KRAS_SIGNALING_UP",0.0140315200813421,0.0420945602440264,0.679365276348732,1.46272675494894,137,15,"ATF3;EGR1;FOS;IER3;JUN;MYC;SPRY2;KRAS;CXCL8;PLAUR;FOSL1"
"STEMNESS_EPITHELIAL",0.201395301118293,0.304471256210078,0.564404489138393,1.19290297257595,1962,13,"CLDN4;MUC16;TACSTD2;PAX8;CLDN3;KRT19;EPCAM;KRT18;MSLN;SOX9"
"HALLMARK_HYPOXIA",0.202980837473385,0.304471256210078,0.54369913054555,1.17939624136409,2001,16,"SLC2A1;ANGPTL4;ADM;PLOD2;VEGFA;P4HA1;HILPDA;NDRG1;PGK1"
"INTEGRIN_CELL_ADHESION",0.502592780884596,0.603111337061515,0.465591347009015,1.0024547086113,4942,15,"VCL;ITGA2;LAMC1;PXN;ITGB5"
"FAK_INTEGRIN_AKT_ERK",0.910777653857853,0.910777653857853,0.323105570240824,0.700883031987676,8982,16,"VCL;PXN;PTK2;SRC;MAPK3;ITGAV;PIK3CA;ITGB1"
