{"spot_diameter_fullres": 84.15095999999998, "tissue_hires_scalef": 0.1906396, "fiducial_diameter_fullres": 135.93616999999998, "tissue_lowres_scalef": 0.05719188}