{"spot_diameter_fullres": 84.40983000000001, "tissue_hires_scalef": 0.18160357, "fiducial_diameter_fullres": 136.35434000000004, "tissue_lowres_scalef": 0.054481067}