axis,n_spatial_samples,mean_focused_lr_score,median_focused_lr_score
SPP1-CD44,14,0.9231581189147146,0.2721289566804439
SPP1-ITGB1,14,1.573933305493485,0.9848603970404799
