axis,n_dataset,mean_lr_score,median_lr_score,mean_source_fraction,mean_target_fraction
SPP1-CD44,5,0.5356942613008834,0.5520318707383952,0.2687069985326319,0.12995464967555426
SPP1-ITGB1,5,1.4606735365141588,0.9107579524179952,0.2687069985326319,0.12995464967555426
