"target_group","receptor","receptor_avg","receptor_pct","max_score"
"CNV_Subclone_01","CD44",0.265533523629421,0.183845690174804,0.184330410487523
"CNV_Subclone_01","ITGB1",0.422434078784257,0.260397830018083,0.415355997330184
"CNV_Subclone_02","CD44",0.150673254013164,0.185807656395892,0.105711917734294
"CNV_Subclone_02","ITGB1",0.478860108047156,0.50046685340803,0.904915769183511
"CNV_Subclone_03","CD44",0.151490835492413,0.145935357492654,0.083477813534008
"CNV_Subclone_03","ITGB1",0.13890259879676,0.143976493633692,0.0755137681558111
"CNV_Subclone_04","CD44",0.357606161001,0.396603396603397,0.535532213786636
"CNV_Subclone_04","ITGB1",0.43703079079987,0.529470529470529,0.873731526553649
"CNV_Subclone_05","ITGB1",0.278974046629895,0.208333333333333,0.219455638156444
