"focus_axis","ligand","receptor","n_interactions","n_sources","n_targets","total_score","max_score","mean_score","top5_mean_score","priority_score_sum","priority_fraction","mean_ligand_pct","mean_receptor_pct","expr_support","validation_priority_index","axis_class"
"MIF_CD74_CXCR4","MIF","CD74",90,18,5,111.196254396531,2.65793105762022,1.23551393773924,2.35034914793351,62.0342340341573,0.557880608216714,0.908595896685562,0.560190813550865,0.713433300703901,2.97295457753369,"Other candidate axis"
"SPP1_CD44_integrin","SPP1","ITGB1",52,12,5,11.7818451413351,0.904915769183511,0.226573945025675,0.819227311714799,8.41706735325619,0.714409946174388,0.645422767746544,0.321430834344309,0.455476430500618,0.7704980223677,"SPP1 axis"
"SPP1_CD44_integrin","SPP1","CD44",37,13,4,4.1339860156268,0.535532213786636,0.111729351773697,0.401022692809013,2.86242018128686,0.692411674946815,0.643585745169024,0.228240030831624,0.383264960986746,0.307599873674436,"SPP1 axis"
"APOE_LRP1","APOE","LRP1",25,10,3,1.87830530959958,0.18343247082584,0.0751322123839831,0.165832312040178,1.58321418011948,0.842895013940517,0.84215807008549,0.172220818397289,0.380837435200381,0.140485369138375,"Other candidate axis"
"SPP1_CD44_integrin","SPP1","ITGAV",5,3,2,0.413260414764044,0.0938981008773064,0.0826520829528088,0.0826520829528088,0.413260414764044,1,0.912713567191661,0.188218317630083,0.414474863043546,0.0613806817723862,"Other LR axis"
"TGFB_TGFBR","TGFB1","TGFBR2",36,14,4,1.05544526887386,0.0573015555580941,0.0293179241353851,0.0509355233156206,0.403646395864632,0.382441807044447,0.744785011562148,0.173697247947992,0.359676391804159,0.0206300663756298,"Other LR axis"
"TGFB_TGFBR","TGFB1","TGFBR3",1,1,1,0.0265197228125402,0.0265197228125402,0.0265197228125402,0.0265197228125402,0.0265197228125402,1,0.754406580493537,0.18981018981019,0.378409905046809,0.0110249322351772,"Other LR axis"
