dataset,sample_id,control,target,observed,expected,ratio,log2_enrichment,empirical_p,n_source,n_target,n_edges,fdr
GSE203612,GSM6177614,non_SPP1_high_score,KRAS_hypoxia_high,0.257575757575758,0.249969318181818,1.03042949210433,0.0432457907854449,0.238761238761239,440,440,2640,0.318348318348318
GSE203612,GSM6177614,label_permutation,random_equal_size_target,0.266287878787879,0.249827272727273,1.06588794682387,0.09205578044368,0.0679320679320679,440,440,2640,0.271728271728272
GSE203612,GSM6177617,non_SPP1_high_score,KRAS_hypoxia_high,0.209349593495935,0.250202913279133,0.836719248198278,-0.257184471129261,1,492,301,2952,1
GSE203612,GSM6177617,label_permutation,random_equal_size_target,0.25968992248062,0.24977796234773,1.03968308508775,0.0561438348581588,0.192807192807193,301,301,1806,0.318348318348318
