dataset,sample_id,direction,source,target,observed,expected,ratio,log2_enrichment,empirical_p,n_source,n_target,n_edges,fdr
GSE203612,GSM6177614,source_to_target,SPP1_myeloid_high,target_subclone_02_04_score_high,0.15530303030303,0.249808712121212,0.621687806579277,-0.685737811910543,1,440,440,2640,1
GSE203612,GSM6177614,target_to_source,target_subclone_02_04_score_high,SPP1_myeloid_high,0.160606060606061,0.250432954545455,0.641313603864822,-0.640898084218511,1,440,440,2640,1
GSE203612,GSM6177614,source_to_target,SPP1_myeloid_high,KRAS_hypoxia_score_high,0.243560606060606,0.249366666666667,0.976716773401709,-0.033987822199354,0.727272727272727,440,440,2640,0.96969696969697
GSE203612,GSM6177614,target_to_source,KRAS_hypoxia_score_high,SPP1_myeloid_high,0.246590909090909,0.250563636363636,0.98414483709455,-0.0230574415370466,0.67032967032967,440,440,2640,0.96969696969697
GSE203612,GSM6177617,source_to_target,SPP1_myeloid_high,target_subclone_02_04_score_high,0.2718715393134,0.249512735326689,1.08960987084461,0.123811677987283,0.025974025974026,301,301,1806,0.0579420579420579
GSE203612,GSM6177617,target_to_source,target_subclone_02_04_score_high,SPP1_myeloid_high,0.274086378737542,0.250022148394241,1.09624839438367,0.132574729633365,0.028971028971029,301,301,1806,0.0579420579420579
GSE203612,GSM6177617,source_to_target,SPP1_myeloid_high,KRAS_hypoxia_score_high,0.29734219269103,0.250544296788483,1.18678491788642,0.247058497730674,0.000999000999000999,301,301,1806,0.003996003996004
GSE203612,GSM6177617,target_to_source,KRAS_hypoxia_score_high,SPP1_myeloid_high,0.296234772978959,0.250033222591362,1.18478164584994,0.244621196274196,0.000999000999000999,301,301,1806,0.003996003996004
