observed,expected,ratio,log2_enrichment,empirical_p,n_source,n_target,n_edges,dataset,sample_id,source,target,k_neighbors,empirical_q
0.157954545454545,0.249803409090909,0.632315411664627,-0.661283711590598,1,440,440,1760,GSE203612,GSM6177614,SPP1_myeloid_high,target_subclone_02_04_high,4,1
0.15530303030303,0.250196590909091,0.620724006425251,-0.687976151834535,1,440,440,2640,GSE203612,GSM6177614,SPP1_myeloid_high,target_subclone_02_04_high,6,1
0.174090909090909,0.249777045454545,0.696985220455697,-0.520800030761154,1,440,440,4400,GSE203612,GSM6177614,SPP1_myeloid_high,target_subclone_02_04_high,10,1
0.187575757575758,0.250495757575758,0.748818101316662,-0.417312785013933,1,440,440,6600,GSE203612,GSM6177614,SPP1_myeloid_high,target_subclone_02_04_high,15,1
0.282392026578073,0.249289867109635,1.13278582018691,0.179875111499241,0.00699300699300699,301,301,1204,GSE203612,GSM6177617,SPP1_myeloid_high,target_subclone_02_04_high,4,0.0186480186480186
0.2718715393134,0.249704318936877,1.08877387652284,0.122704357091321,0.017982017982018,301,301,1806,GSE203612,GSM6177617,SPP1_myeloid_high,target_subclone_02_04_high,6,0.035964035964036
0.275415282392027,0.250180398671096,1.10086674997311,0.138639854200251,0.003996003996004,301,301,3010,GSE203612,GSM6177617,SPP1_myeloid_high,target_subclone_02_04_high,10,0.0186480186480186
0.275304540420819,0.249278183831672,1.10440687664317,0.143271776077478,0.004995004995005,301,301,4515,GSE203612,GSM6177617,SPP1_myeloid_high,target_subclone_02_04_high,15,0.0186480186480186
