dataset,sample_id,clinical_group,coordinate_status,analysis_level,n_spots_raw,n_spots_qc,pearson_r,pearson_p,pearson_q_within_dataset,spearman_r,spearman_p,spearman_q_within_dataset,mean_SPP1_CD44_score,mean_SPP1_ITGB1_score
GSE203612,GSM6177614,not_available,available,coordinate_aware,1762,1760,-0.456322371579988,3.07376471049043e-91,6.14752942098086e-91,-0.475842820553581,3.92656625009783e-100,7.85313250019565e-100,0.216671362117849,1.3392097116202
GSE203612,GSM6177617,not_available,available,coordinate_aware,1661,1204,0.0158524218379572,0.582647503529626,0.582647503529626,0.089113811539279,0.00196758938298085,0.00196758938298085,0.822264319266701,1.16520296495963
