dataset,sample_id,n_spots_raw,n_spots_qc,retained_fraction
GSE203612,GSM6177614,1762,1760,0.998864926220204
GSE203612,GSM6177617,1661,1204,0.724864539434076
