{"tissue_hires_scalef": 0.121410795, "tissue_lowres_scalef": 0.03642324, "fiducial_diameter_fullres": 209.08556938307245, "spot_diameter_fullres": 129.43392390380674}