{"tissue_hires_scalef": 0.12547839, "tissue_lowres_scalef": 0.037643515, "fiducial_diameter_fullres": 209.01828020174716, "spot_diameter_fullres": 129.39226869631966}