{"spot_diameter_fullres": 134.79983999999996, "tissue_hires_scalef": 0.117295176, "fiducial_diameter_fullres": 217.75358999999997, "tissue_lowres_scalef": 0.035188552}