dataset,k_samples,pooled_fisher_z,pooled_spearman_r,ci_low_r,ci_high_r,p_value,p_adj_BH,tau2,I2,method
ALL,15,0.13642779286597706,0.13558762467337923,0.03639817399605917,0.23213162748325095,0.007503676755356242,0.011255515133034362,0.03658509800120877,0.9593287964132777,DerSimonian-Laird random-effects meta-analysis on sample-level Fisher z
GSE189843_HGSC,12,0.1457389491536626,0.14471581669331438,0.06903427379935533,0.218741176387551,0.00019197517468488384,0.0005759255240546516,0.015404122932010765,0.8614846619631601,DerSimonian-Laird random-effects meta-analysis on sample-level Fisher z
GSE203612_OVCA,3,0.10716882016761893,0.1067604127742133,-0.19527802520960116,0.39030200598284426,0.49099962302421146,0.49099962302421146,0.07206235258559432,0.9920582662544879,DerSimonian-Laird random-effects meta-analysis on sample-level Fisher z
