{"spot_diameter_fullres": 134.64685000000003, "tissue_hires_scalef": 0.11717148, "fiducial_diameter_fullres": 217.50645000000003, "tissue_lowres_scalef": 0.035151444}