{"tissue_hires_scalef": 0.12641425, "tissue_lowres_scalef": 0.03792428, "fiducial_diameter_fullres": 208.95658428062197, "spot_diameter_fullres": 129.35407598324215}