{"spot_diameter_fullres": 130.12231127531953, "tissue_hires_scalef": 0.11240376, "fiducial_diameter_fullres": 210.19757975243925, "tissue_lowres_scalef": 0.033721127}