sample_id,predicted_label,N,fraction
GSM6177614,CNV_Subclone_02_04_like,632,0.359090909090909
GSM6177614,Uncertain,619,0.351704545454545
GSM6177614,SPP1_myeloid_like,509,0.289204545454545
GSM6177617,Uncertain,579,0.480897009966777
GSM6177617,CNV_Subclone_02_04_like,387,0.321428571428571
GSM6177617,SPP1_myeloid_like,238,0.197674418604651
