cell_type_original,n_cells,n_patients,n_samples,SPP1_program_median,C1QC_program_median,FOLR2_program_median,SPP1_positive_fraction,None_fraction,Mixed_fraction,dominant_refined_state
"M09_Macro_C1QC",1925,2,3,0.00599880766980865,0.585397813207628,0.429707821830343,0.437922077922078,0.283116883116883,0.271688311688312,"None"
"M08_Macro_SPP1",1353,2,3,0.276940310736486,-0.0169993318708702,-0.134898314326281,0.798226164079823,0.464892830746489,0.193643754619364,"None"
"M04_cDC2_CD1C",142,2,3,-0.967289051150267,-1.01080322609306,-0.683717585407026,0.295774647887324,1,0,"None"
"M06_Mono_CD14",258,2,3,-0.895528308043749,-1.51752703057065,-0.787707480347781,0.209302325581395,0.542635658914729,0.00775193798449612,"None"
"M07_Mono_CD16",160,2,3,-0.951832272126761,-1.51752703057065,-1.21146901072456,0.075,0.95,0,"None"
"M05_cDC3_LAMP3",15,2,2,-1.11362503943863,-1.51752703057065,-1.16187864270693,0.266666666666667,1,0,"None"
"M01_Mast_KIT",7,2,3,-0.699548606431856,-1.51752703057065,-1.21146901072456,0,1,0,"None"
"M03_cDC1_CLEC9A",17,2,3,-1.13073765199544,-1.51752703057065,-1.21146901072456,0.117647058823529,1,0,"None"
"M02_pDC_LILRA4",11,2,2,-1.04718282988381,-1.51752703057065,-1.21146901072456,0,1,0,"None"
