{"spot_diameter_fullres": 84.38732, "tissue_hires_scalef": 0.1795977, "fiducial_diameter_fullres": 136.31798000000003, "tissue_lowres_scalef": 0.05387931}