cell_type_original,n_cells,n_concordant,concordance_fraction,none_fraction,mixed_fraction
"M09_Macro_C1QC",1925,278,0.144415584415584,0.283116883116883,0.271688311688312
"M08_Macro_SPP1",1353,131,0.0968218773096822,0.464892830746489,0.193643754619364
"M06_Mono_CD14",258,101,0.391472868217054,0.542635658914729,0.00775193798449612
