{"spot_diameter_fullres": 134.80170999999996, "tissue_hires_scalef": 0.11792453, "fiducial_diameter_fullres": 217.75659999999996, "tissue_lowres_scalef": 0.035377357}